<?xml version="1.0" encoding="UTF-8"?>
<!DOCTYPE suite SYSTEM "http://testng.org/testng-1.0.dtd">
<suite name="Suite">
  
   <test name="RegTest">
    <classes>
      <class name="com.expedia.registration.RegistrationTest"/>
    </classes>
  </test> <!-- Test -->
   <test name="SignInTest">
    <classes>
      <class name="com.expedia.signIn.SignInTest"/>
    </classes>
  </test> <!-- Test -->
  <test name="Test">
    <classes>
      <class name="com.expedia.flight.FlightTest"/>
    </classes>
  </test> <!-- Test -->
   <test name="HotelTest">
    <classes>
      <class name="com.expedia.hotel.HotelTest"/>
    </classes>
  </test> <!-- Test -->
  
</suite> <!-- Suite -->
