<?xml version="1.0" encoding="UTF-8"?>
<!DOCTYPE suite SYSTEM "http://testng.org/testng-1.0.dtd">
<suite name="Suite">
	<test name="ChromeTest">
		<parameter name="browser" value="chrome"></parameter>
		<classes>
			<class name="Day5.Parametrization" />
		</classes>
	</test> <!-- Test -->

	<test name="FirefoxTest">
		<parameter name="browser" value="firefox"></parameter>
		<classes>
			<class name="Day5.Parametrization" />
		</classes>
	</test> <!-- Test -->
</suite> <!-- Suite -->
