<?xml version="1.0" encoding="UTF-8"?>
<!DOCTYPE suite SYSTEM "http://testng.org/testng-1.0.dtd">
<suite name="Suite" parallel="tests">
	<test name="Test1">
		<parameter name="browser" value="chrome"></parameter>
		<parameter name="node" value="http://192.168.12.151:22950/wd/hub"></parameter>
		<classes>
			<class name="Day8.GridExample" />
		</classes>
	</test> <!-- Test -->
	<test name="Test2">
		<parameter name="browser" value="firefox"></parameter>
		<parameter name="node" value="http://192.168.12.151:22950/wd/hub"></parameter>
		<classes>
			<class name="Day8.GridExample" />
		</classes>
	</test> <!-- Test -->
</suite> <!-- Suite -->
