<?xml version="1.0" encoding="UTF-8"?>
<!DOCTYPE suite SYSTEM "http://testng.org/testng-1.0.dtd">
<suite name="Suite" parallel="tests">
  <!-- <test name="node1">
  <parameter name="node" value="http://192.168.100.24:41422/wd/hub"/>
  
    <classes>
      <class name="Day8.GridExample"/>
    </classes>
  </test> Test
  
  <test name="node2">
  <parameter name="node" value="http://192.168.100.58:33125/wd/hub"/>
    <classes>
      <class name="Day8.GridExample"/>
    </classes>
  </test> Test
   -->
   <test name="chrome">
  <parameter name="node" value="http://192.168.100.58:11288/wd/hub"/>
  <parameter name="browser" value="chrome"/>
  
    <classes>
      <class name="Day8.GridExample"/>
    </classes>
  </test> <!-- Test -->
  
   <test name="firefox">
  <parameter name="node" value="http://192.168.100.58:11288/wd/hub"/>
  <parameter name="browser" value="firefox"/>
  
    <classes>
      <class name="Day8.GridExample"/>
    </classes>
  </test> <!-- Test -->
</suite> <!-- Suite -->
