<?xml version="1.0" encoding="UTF-8"?>
<!DOCTYPE suite SYSTEM "http://testng.org/testng-1.0.dtd">
<suite name="Suite" parallel="tests">
  <test name="Parametrization1">
  <parameter name="node" value="http://172.168.1.31:5555/wd/hub"></parameter>
    <classes>
      <class name="NG.FirstNGTest"/>
    </classes>
  </test> <!-- Test -->
   <test name="Parametrization2">
  <parameter name="node" value="http://172.168.1.29:5555/wd/hub"></parameter>
    <classes>
      <class name="NG.FirstNGTest"/>
    </classes>
  </test> <!-- Test -->
</suite> <!-- Suite -->
