<?xml version="1.0" encoding="UTF-8"?>
<!DOCTYPE suite SYSTEM "http://testng.org/testng-1.0.dtd">
<suite name="Suite">
  <test name="Test1">
    <classes>
      <class name="CPSAT.question4"/>
    </classes>
  </test> <!-- Test -->
  
  <test name="Test2">
    <classes>
      <class name="CPSAT.question5"/>
    </classes>
  </test> <!-- Test -->
  
  <test name="Test3">
    <classes>
      <class name="CPSAT.question6"/>
    </classes>
  </test> <!-- Test -->
  
  <suite name="Suite">
  <test name="Test4">
    <classes>
      <class name="CPSAT.question2Execute"/>
    </classes>
  </test> <!-- Test -->
  
</suite> <!-- Suite -->
